pdb_id,entity_id,chain,resolution,length,sequence
1AAL,,A,1.6,58,RPDFCLEPPYTGPCKARIIRYFYNAKAGLVQTFVYGGCRAKRNNFKSAEDAMRTCGGA
1AAP,,B,1.5,58,VREVCSEQAETGPCRAMISRWYFDVTEGKCAPFFYGGCGGNRNNFDTEEYCMAVCGSA
1B0C,,E,2.8,58,RPDFCLEPPYTGPCKARIIRYFYNAKAGLCQTFVYGGCRAKRNNFKSAEDCMRTCGGA
1BHC,,J,2.63,58,RPDFCLEPPYTGPCKARIIRYFYNAKAGLCQTFVYGGCRAKRNNFKSAEDCMRTCGGA
1BPI,,A,1.09,58,RPDFCLEPPYTGPCKARIIRYFYNAKAGLCQTFVYGGCRAKRNNFKSAEDCMRTCGGA
1BPT,,A,2.0,58,RPDFCLEPPYTGPCKARIIRYFANAKAGLCQTFVYGGCRAKRNNFKSAEDCMRTCGGA
1BRC,,I,2.5,56,VREVCSEQAETGPCRAMISRWYFDVTEGKCAPFFYGGCGGNRNNFDTEEYCMAVCG
1BTH,,Q,2.3,58,RPDFCLEPPYTGPCKARIIRYFYNAKAGLCQTFVYGGCRAKRNNFKSAEDCMRTCGGA
1BTI,,A,2.2,58,RPDFCLEPPYTGPCKARIIRYAYNAKAGLCQTFVYGGCRAKRNNFKSAEDCMRTCGGA
1BZ5,,E,2.58,58,RPDFCLEPPYTGPCKARIIRYFYNAKAGLCQTFVYGGCRAKRNNFKSAEDCMRTCGGA
1BZX,,I,2.1,58,RPDFCLEPPYTGPCKARIIRYFYNAKAGLCQTFVYGGCRAKRNNFKSAEDCMRTCGGA
1CA0,,I,2.1,54,EVCSEQAETGPCRAMISRWYFDVTEGKCAPFFYGGCGGNRNNFDTEEYCMAVCG
1CBW,,I,2.5,58,RPDFCLEPPYTGPCKARIIRYFYNAKAGLCQTFVYGGCRAKRNNFKSAEDCMRTCGGA
1D0D,,A,1.62,60,YNRLCIKPRDWIDECDSNEGGERAYFRNGKGGCDSFWICPEDHTGADYYSSYRDCFNACI
1D0D,,B,1.62,58,RPDFCLEPPYTGPCKARIIRYFYNAKAGLCQTFVYGGCRAKRNNFKSAEDCMRTCGGA
1EAW,,D,2.93,58,RPDFCLEPPYTGPCKARIIRYFYNAKAGLCQTFVYGGCRAKRNNFKSAEDCMRTCGGA
1EJM,,F,1.85,58,RPDFCLEPPYTGPCRLRIIRYFYNAKAGLCQTFVYGGCRAKRNNFKSAEDCLRTCGGA
1F5R,,I,1.65,65,RPDFCLEPPYTGPCKARIIRYFYNAKAGLCQTFVYGGCRAKRNNFKSAEDCMRTCGGAIGPWENL
1F7Z,,I,1.55,65,RPDFCLEPPYTGPCKARIIRYFYNAKAGLCQTFVYGGCRAKRNNFKSAEDCMRTCGGAIGPWENL
1FAK,,I,2.1,55,APDFCLEPPYDGPCRALHLRYFYNAKAGLCQTFYYGGCLAKRNNFESAEDCMRTC
1FAN,,A,2.0,58,RPDFCLEPPYTGPCKARIIRYFYNAKAGLCQTFVYGGCRAKRNNAKSAEDCMRTCGGA
1FY8,,I,1.8,58,RPDFCLEPPYTGPCKARIIRYFYNAKAGLCQTFVYGGCRAKRNNFKSAEDCMRTCGGA
1G6X,,A,0.86,58,RPDFCLEPPYAGACRARIIRYFYNAKAGLCQTFVYGGCRAKRNNFKSAEDCLRTCGGA
1K6U,,A,1.0,58,RPDFCLEPPYAGACRARIIRYFYNAKAGLCQTFVYGGCRAKRNNFKSAEDCLRTCGGA
1KNT,,A,1.6,58,ETDICKLPKDEGTCRDFILKWYYDPNTKSCARFWYGGCGGNENKFGSQKECEKVCAPV
1KTH,,A,0.95,58,ETDICKLPKDEGTCRDFILKWYYDPNTKSCARFWYGGCGGNENKFGSQKECEKVCAPV
1MTN,,H,2.8,58,RPDFCLEPPYTGPCKARIIRYFYNAKAGLCQTFVYGGCRAKRNNFKSAEDCMRTCGGA
1NAG,,A,1.9,58,RPDFCLEPPYTGPCKARIIRYFYNAKAGLCQTFVYGGCRAKRGNFKSAEDCMRTCGGA
1P2I,,I,1.65,58,RPDFCLEPPYTGPCGARIIRYFYNAKAGLCQTFVYGGCRAKRNNFKSAEDCLRTCGGA
1P2J,,I,1.35,58,RPDFCLEPPYTGPCLARIIRYFYNAKAGLCQTFVYGGCRAKRNNFKSAEDCLRTCGGA
1P2K,,I,1.6,58,RPDFCLEPPYTGPCVARIIRYFYNAKAGLCQTFVYGGCRAKRNNFKSAEDCLRTCGGA
1P2M,,D,1.75,58,RPDFCLEPPYTGPCGARIIRYFYNAKAGLCQTFVYGGCRAKRNNFKSAEDCLRTCGGA
1P2N,,B,1.8,58,RPDFCLEPPYTGPCLARIIRYFYNAKAGLCQTFVYGGCRAKRNNFKSAEDCLRTCGGA
1P2O,,B,2.0,58,RPDFCLEPPYTGPCVARIIRYFYNAKAGLCQTFVYGGCRAKRNNFKSAEDCLRTCGGA
1P2Q,,D,1.8,58,RPDFCLEPPYTGPCFARIIRYFYNAKAGLCQTFVYGGCRAKRNNFKSAEDCLRTCGGA
1QLQ,,A,1.42,58,RPDFCLEPPYAGACRARIIRYFYNAKAGLCQTFVYGGCRAKRNNFKSAEDCLRTCGGA
1T7C,,D,1.85,58,RPDFCLEPPYTGPCEARIIRYFYNAKAGLCQTFVYGGCRAKRNNFKSAEDCLRTCGGA
1T8L,,D,1.75,59,MRPDFCLEPPYTGPCMARIIRYFYNAKAGLCQTFVYGGCRAKRNNFKSAEDCLRTCGGA
1T8M,,D,1.8,58,RPDFCLEPPYTGPCHARIIRYFYNAKAGLCQTFVYGGCRAKRNNFKSAEDCLRTCGGA
1T8N,,D,1.75,58,RPDFCLEPPYTGPCTARIIRYFYNAKAGLCQTFVYGGCRAKRNNFKSAEDCLRTCGGA
1T8O,,D,1.7,58,RPDFCLEPPYTGPCWARIIRYFYNAKAGLCQTFVYGGCRAKRNNFKSAEDCLRTCGGA
1TAW,,B,1.8,58,VREVCSEQAETGPCRAMISRWYFDVTEGKCAPFFYGGCGGNRNNFDTEEYCMAVCGSA
1TFX,,D,2.6,58,KPDFCFLEEDPGICRGYITRYFYNNQTKQCERFKYGGCLGNMNNFETLEECKNICEDG
1TPA,,I,1.9,58,RPDFCLEPPYTGPCKARIIRYFYNAKAGLCQTFVYGGCRAKRNNFKSAEDCMRTCGGA
1YKT,,B,1.7,56,RPDFCLEPPYTGPCKARIIRYFYNAKAGLCQTFVYGGCRAKRNNFKSAEDCMRTCG
1YLC,,B,1.7,56,RPDFALEPPYTGPCKARIIRYFYNAKAGLAQTFVYGGCRAKRNNFKSAEDAMRTAG
1YLD,,B,1.7,56,RPDFALEPPYTGPCKARIIRYFYNAPDGLAQTFVYGGCRAKRNNFKSAEDAMRTAG
1ZJD,,B,2.6,57,EVCSEQAETGPCRAMISRWYFDVTEGKCAPFFYGGCGGNRNNFDTEEYCMAVCGSAI
1ZR0,,D,1.8,63,PTGNNAEICLLPLDYGPCRALLLRYYYDRYTQSCRQFLYGGCEGNANNFYTWEACDDACWRIE
2FI3,,I,1.56,58,RPDFCLEPPYTGPSKARIIRYFYNAKAGLCQTFVYGGSRAKRNNFKSAEDCMRTCGGA
2FI4,,I,1.58,58,RPDFCLEPPYTGPSKARIIRYFYNAKAGLCQTFVYGGCRAKRNNFKSAEDCMRTCGGA
2FI5,,I,1.58,58,RPDFCLEPPYTGPCKARIIRYFYNAKAGLCQTFVYGGSRAKRNNFKSAEDCMRTCGGA
2FTL,,I,1.6,58,RPDFCLEPPYTGPCKARIIRYFYNAKAGLCQTFVYGGCRAKRNNFKSAEDCMRTCGGA
2FTM,,B,1.65,58,RPDFCLEPPYTGPCKARIIRYFYNAKAGLCQTFVGGGCRAKRNNFKSAEDCMRTCGGA
2HEX,,E,2.1,58,RPDFCLEPPYTGPCKARIIRYFYNAKAGLCQTFVYGGCRAKRNNFKSAEDCMRTCGGA
2IJO,,I,2.3,58,RPDFCLEPPYTGPCKARIIRYFYNAKAGLCQTFVYGGCRAKRNNFKSAEDCMRTCGGA
2IJO,,A,2.3,58,MSTDMWIERTADISWESDAEITGSSERVDVRLDDDGNFQLMNDPGAPWAGGGGSGGGG
2KAI,,I,2.5,58,RPDFCLEPPYTGPCKARIIRYFYNAKAGLCQTFVYGGCRAKRNNFKSAEDCMRTCGGA
2KNT,,A,1.18,58,ETDICKLPKDEGTCRDFILKWYYDPNTKSCARFWYGGCGGNENKFGSQKECEKVCAPV
2PTC,,I,1.9,58,RPDFCLEPPYTGPCKARIIRYFYNAKAGLCQTFVYGGCRAKRNNFKSAEDCMRTCGGA
2R9P,,G,1.4,58,RPDFCLEPPYTGPCKARIIRYFYNAKAGLCQTFVYGGCRAKRNNFKSAEDCMRTCGGA
2RA3,,C,1.46,58,RPDFCLEPPYTGPCKARIIRYFYNAKAGLCQTFVYGGCRAKRNNFKSAEDCMRTCGGA
2TGP,,I,1.9,58,RPDFCLEPPYTGPCKARIIRYFYNAKAGLCQTFVYGGCRAKRNNFKSAEDCMRTCGGA
2TPI,,I,2.1,58,RPDFCLEPPYTGPCKARIIRYFYNAKAGLCQTFVYGGCRAKRNNFKSAEDCMRTCGGA
2ZJX,,B,1.09,58,RPDFCLEPPYTGPGKARIIRYFYNAKAGLAQTFVYGGARAKRNNFKSAEDALRTCGGA
2ZVX,,B,1.09,58,RPDFCLEPPYTGPGKARIIRYFYNAKAGLAQTFVYGGVRAKRNNFKSAEDALRTCGGA
3BTD,,I,1.9,58,RPDFCLEPPYTGPCDARIIRYFYNAKAGLCQTFVYGGCRAKRNNFKSAEDCLRTCGGA
3BTE,,I,1.85,58,RPDFCLEPPYTGPCEARIIRYFYNAKAGLCQTFVYGGCRAKRNNFKSAEDCLRTCGGA
3BTF,,I,1.8,58,RPDFCLEPPYTGPCFARIIRYFYNAKAGLCQTFVYGGCRAKRNNFKSAEDCLRTCGGA
3BTG,,I,1.9,58,RPDFCLEPPYTGPCGARIIRYFYNAKAGLCQTFVYGGCRAKRNNFKSAEDCLRTCGGA
3BTH,,I,1.75,58,RPDFCLEPPYTGPCHARIIRYFYNAKAGLCQTFVYGGCRAKRNNFKSAEDCLRTCGGA
3BTK,,I,1.85,58,RPDFCLEPPYTGPCKARIIRYFYNAKAGLCQTFVYGGCRAKRNNFKSAEDCMRTCGGA
3BTM,,I,1.8,58,RPDFCLEPPYTGPCMARIIRYFYNAKAGLCQTFVYGGCRAKRNNFKSAEDCLRTCGGA
3BTQ,,I,1.9,58,RPDFCLEPPYTGPCQARIIRYFYNAKAGLCQTFVYGGCRAKRNNFKSAEDCLRTCGGA
3BTT,,I,1.9,58,RPDFCLEPPYTGPCTARIIRYFYNAKAGLCQTFVYGGCRAKRNNFKSAEDCLRTCGGA
3BTW,,I,2.05,58,RPDFCLEPPYTGPCWARIIRYFYNAKAGLCQTFVYGGCRAKRNNFKSAEDCLRTCGGA
3FP6,,I,1.49,58,RPDFCLEPPYTGPCKARIIRYFYNAKAGLCQTFVYGGCRAKRNNFKSAEDCMRTCGGA
3FP7,,J,1.46,43,ARIIRYFYNAKAGLCQTFVYGGCRAKRNNFKSAEDCMRTCGGA
3FP8,,I,1.46,58,RPDFCLEPPYTGPCKARIIRYFYNAKAGLCQTFVYGGCRAKRNNFKSAEDCMRTCGGA
3GYM,,J,2.8,58,RPDFCLEPPYTGPCKARIIRYFYNAKAGLCQTFVYGGCRAKRNNFKSAEDCMRTCGGA
3L33,,E,2.48,52,VCSEQAETGPCRAMISRWYFDVTEGKCAPFFYGGCGGNRNNFDTEEYCMAVC
3LDI,,E,2.2,58,RPDFCLEPPYTGPCKARIIRYFYNAKAGLCQTFVYGGCRAKRNNFKSAEDCMRTCGGA
3LDJ,,C,1.5,58,RPDFCLEPPYTGPCKARIIRYFYNAKAGLCQTFVYGGCRAKRNNFKSAEDCMRTCGGA
3LDM,,E,2.6,58,RPDFCLEPPYTGPCKARIIRYFYNAKAGLCQTFVYGGCRAKRNNFKSAEDCMRTCGGA
3OTJ,,I,2.15,58,RPDFCLEPPYTGPCKARIIRYFYNAKAGLCQTFVYGGCRAKRNNFKSAEDCMRTCGGA
3P92,,E,1.6,58,RPDFCLEPPYTGPCRAGIIRYFYNAKAGLCQTFVYGGCRAKRNNFKSAEDCMRTCGGA
3P95,,E,1.3,58,RPDFCLEPPYTGPCRADIIRYFYNAKAGLCQTFVYGGCRAKRNNFKSAEDCMRTCGGA
3TGI,,I,1.8,65,RPDFCLEPPYTGPCKARIIRYFYNAKAGLCQTFVYGGCRAKRNNFKSAEDCMRTCGGAIGPWENL
3TGJ,,I,2.2,65,RPDFCLEPPYTGPCKARIIRYFYNAKAGLCQTFVYGGCRAKRNNFKSAEDCMRTCGGAIGPWENL
3TGK,,I,1.7,65,RPDFCLEPPYTGPCKARIIRYFYNAKAGLCQTFVYGGCRAKRNNFKSAEDCMRTCGGAIGPWENL
3TPI,,I,1.9,58,RPDFCLEPPYTGPCKARIIRYFYNAKAGLCQTFVYGGCRAKRNNFKSAEDCMRTCGGA
3U1J,,A,1.8,51,GPLGSDLTVEKAADVTWEEEAEQTGVSHNLMITVDDDGTMRIKDDETENIL
3U1J,,E,1.8,58,RPDFCLEPPYTGPCKARIIRYFYNAKAGLCQTFVYGGCRAKRNNFKSAEDCMRTCGGA
3WNY,,I,1.3,63,RPAFCLEPPYAGPGKARIIRYFYNAKAGAAQAFVYGGVRAKRNNFASAADALAACAAAGGKKK
4DG4,,H,1.4,58,RPDFCLEPPYTGPCKARIIRYFYNAKAGLCQTFVYGGCRAKRNNFKSAEDCMRTCGGA
4DTG,,K,1.8,66,QEKPDFCFLEEDPGICRGYITRYFYNNQTKQCERFKYGGCLGNMNNFETLEECKNICEDGHHHHHH
4ISL,,B,2.29,60,QTEDYCLASNKVGRCRGSFPRWYYDPTEQICKSFVYGGCLGNKNNYLREEECILACRGVQ
4ISN,,B,2.45,62,QTEDYCLASNKVGRCRGSFPRWYYDPTEQICKSFVYGGCLGNKNNYLREEECILACRGVQGP
4ISO,,B,2.01,60,QTEDYCLASNKVGRCRGSFPRWYYDPTEQICKSFVYGGCLGNKNNYLREEECILACRGVQ
4PTI,,A,1.5,58,RPDFCLEPPYTGPCKARIIRYFYNAKAGLCQTFVYGGCRAKRNNFKSAEDCMRTCGGA
4TPI,,I,2.2,58,RPDFCLEPPYTGPCRARIIRYFYNAKAGLCQTFVYGGCRAKRNNFKSAEDCMRTCGGA
4U30,,Y,1.95,59,TVAACANLPIVRGPCRAFIQLWAFDAVKGKCVLFPYGGCQGNGNKFYSEKECREYCGVP
4U32,,X,1.5,55,IHDFCLVSKVVGRCRASMPRWWYNVTDGSCQLFVYGGCDGNSNNYLTKEECLKKC
4WWY,,C,1.7,58,RPDFCLEPPYTGPCKARIIRYFYNAKAGLCQTFVYGGCRAKRNNFKSAEDCMRTCGGA
4WXV,,I,2.1,55,RPDFCLEPPYTGPCKARIIRYFYNAKAGLCQTFVYGGCRAKRNNFKSAEDCMRTC
4Y0Y,,I,1.25,58,RPDFCLEPPYTGPCKARIIRYFYNAKAGLCQTFVYGGCRAKRNNFKSAEDCMRTCGGA
4Y0Z,,I,1.37,58,RPDFCLEPPYTGPCAARIIRYFYNAKAGLCQTFVYGGCRAKRNNFKSAEDCMRTCGGA
4Y10,,I,1.37,58,RPDFCLEPPYTGPCXARIIRYFYNAKAGLCQTFVYGGCRAKRNNFKSAEDCMRTCGGA
4Y11,,I,1.3,58,RPDFCLEPPYTGPCXARIIRYFYNAKAGLCQTFVYGGCRAKRNNFKSAEDCMRTCGGA
5JB4,,C,1.99,58,RPAFCLEPPYAGPGAAAIIRYFYNAAAGAAQAFVYGGVRAKRNNFASAADALAACAAA
5JB5,,C,1.6,58,RPAFCLEPPYAGPGAAAIIRYFYNAAAGAAQAFVYGGVAAKRNNFASAADALAACAAA
5JB6,,C,1.9,58,RPAFCLEAPYAGPGAAAIIRYFYNAAAGAAQAFVYGGVAAKRNNFASAADALAACAAA
5JB7,,C,1.9,58,RPAFCLEAPYAGPGAAAIIRYFYNAAAGAAQAFVYGGVAAKRNNFASAAAALAACAAA
5NX1,,D,1.85,56,AMISRWYFDVTEGKCAPFFYGGCGGNRNNFDTEEYCMAVCGSAIPRHHHHHHAAAN
5NX3,,D,2.3,56,ALFFRWYFDVTEGKCAPFVYGGCGGNRNNFDTEEYCMAVCGSAIPRHHHHHHAAAN
5PTI,,A,1.0,58,RPDFCLEPPYTGPCKARIIRYFYNAKAGLCQTFVYGGCRAKRNNFKSAEDCMRTCGGA
5XX2,,B,1.0,58,RPDFCLEPPYTGPGKARIIRYFYNAKAGLAQTFVYGGLRAKRNNFKSAEDALRTCGGA
5XX3,,B,1.1,58,RPDFCLEPPYTGPGKARIIRYFYNAKAGLAQTFVYGGGRAKRNNFKSAEDALRTCGGA
5XX4,,B,1.67,58,RPDFCLEPPYTGPGKARIIRYFYNAKAGLAQTFVYGGKRAKRNNFKSAEDALRTCGGA
5XX5,,B,1.38,58,RPDFCLEPPYTGPGKARIIRYFYNAKAGLAQTFVYGGIRAKRNNFKSAEDALRTCGGA
5XX6,,B,1.31,58,RPDFCLEPPYTGPGKARIIRYFYNAKAGLAQTFVYGGIRAKRNNFKSAEDALRTCGGA
5XX7,,D,1.38,58,RPDFCLEPPYTGPGKARIIRYFYNAKAGLAQTFVYGGIRAKRNNFKSAEDALRTCGGA
5XX8,,B,1.3,58,RPDFCLEPPYTGPGKARIIRYFYNAKAGLAQTFVYGGIRAKRNNFKSAEDALRTCGGA
5YVU,,I,2.49,55,RPDFCLEPPYTGPCKARIIRYFYNAKAGLCQTFVYGGCRAKRNNFKSAEDCMRTC
5YVU,,A,2.49,55,FKPGTSGSADLSLEKAANVQWDEMADITGSSPIIEVKQDEDGSFSIRDVEETNMI
5YW1,,A,2.6,54,GADLSLEKAANVQWDEMADITGSSPIIEVKQDEDGSFSIRDVEETNMIGVKTQR
5YW1,,I,2.6,55,RPDFCLEPPYTGPCKARMIRYFYNAKAGLCQPFVYGGCRAKRNNFKSSEDCMRTC
6F1F,,E,1.72,58,RPDFCLEPPYTGPCKARIIRYFYNAKAGLCQTFVYGGCRAKRNNFKSAEDCMRTCGGA
6PTI,,A,1.7,58,RPDFCLEPPYTGPCKARIIRYFYNAKAGLCQTFVYGGCRAKRNNFKSAEDCMRTCGGA
7PH1,,I,1.18,57,PDFCLEPPYTGPCXARIIRYFYNAKAGLCQTFVYGGCRAKRNNFKSAEDCMRTCGGA
7PTI,,A,1.6,58,RPDFCLEPPYTGPCKARIIRYFYNAKAGLAQTFVYGGCRAKRNNFKSAEDAMRTCGGA
7QIQ,,H,1.85,58,RPDFCLEPPYTGPCAARIIRYFYNAKAGLCQTFVYGGCRAKRNNFKSAEDCMRTCGGA
7QIR,,H,1.9,58,RPDFCLEPPYTGPCXARIIRYFYNAKAGLCQTFVYGGCRAKRNNFKSAEDCMRTCGGA
7QIS,,H,1.83,58,RPDFCLEPPYTGPCXARIIRYFYNAKAGLCQTFVYGGCRAKRNNFKSAEDCMRTCGGA
7QIT,,H,1.99,58,RPDFCLEPPYTGPCXARIIRYFYNAKAGLCQTFVYGGCRAKRNNFKSAEDCMRTCGGA
8PTI,,A,1.8,58,RPDFCLEPPYTGPCKARIIRYFYNAKAGLCQTFVGGGCRAKRNNFKSAEDCMRTCGGA
9PTI,,A,1.22,58,RPDFCLEPPYTGPCKARIIRYFYNAKAGLCQTFVYGGCRAKRNNFKSAEDCMRTCGGA
